fold,model,mae,spearman,auc_perfect_recall,n_test,hlr_config
0,baseline_global_mean,0.1767657166741598,,0.5,643630,"lr=0.01,ep=8"
0,HLR_tuned,0.17002943822359926,0.03455085476940396,0.5273288186815019,643630,"lr=0.01,ep=8"
0,Ridge_linear,0.1724172681570053,0.14559563253018673,0.612713863641229,643630,"lr=0.01,ep=8"
0,GBM,0.17173107157653153,0.15207687549599802,0.6169552382591801,643630,"lr=0.01,ep=8"
0,baseline_global_mean__lag>=5min,0.17762924026562926,,0.5,542470,"lr=0.01,ep=8"
0,GBM__lag>=5min,0.17525325140350395,0.1401238657063786,0.6074140777794049,542470,"lr=0.01,ep=8"
