fold,model,mae,spearman,auc_perfect_recall,n_test,hlr_config
2,baseline_global_mean,0.17545913440214986,,0.5,643629,"lr=0.01,ep=8"
2,HLR_tuned,0.16716403677014327,0.053072028476107154,0.5417031636027327,643629,"lr=0.01,ep=8"
2,Ridge_linear,0.1712685227394104,0.1193195989984848,0.5942469413570217,643629,"lr=0.01,ep=8"
2,GBM,0.17051120378124532,0.1282165721633607,0.6003030111619388,643629,"lr=0.01,ep=8"
2,baseline_global_mean__lag>=5min,0.17785376007077464,,0.5,533489,"lr=0.01,ep=8"
2,GBM__lag>=5min,0.17526186150109233,0.1191752098219148,0.5925051920540403,533489,"lr=0.01,ep=8"
