fold,model,mae,spearman,auc_perfect_recall,n_test,hlr_config
1,baseline_global_mean,0.17454250331336896,,0.5,643630,"lr=0.01,ep=8"
1,HLR_tuned,0.16351013929531663,0.047317262355220505,0.5371757598285251,643630,"lr=0.01,ep=8"
1,Ridge_linear,0.17068013548851013,0.12175445302484011,0.5967700019681537,643630,"lr=0.01,ep=8"
1,GBM,0.1695074625730316,0.13212064284134065,0.6040172233340677,643630,"lr=0.01,ep=8"
1,baseline_global_mean__lag>=5min,0.17646301035156806,,0.5,539602,"lr=0.01,ep=8"
1,GBM__lag>=5min,0.1739088196439499,0.11777045237169526,0.5921992484029583,539602,"lr=0.01,ep=8"
